,vehicle_id,vehicle_eclass,vehicle_fuel,laneID,vehicle_type,vehicle_x,vehicle_y,edgeID,lon,lat,cluster_label
0,commercial_1-1_226,hbefa3/ldv,1.12,152558_6_1,delivery,7255.86,4505.8,152558_6,7.451358150957602,43.75954864684783,1
1,commercial_1-1_404,hbefa3/coach,3.25,152558_6_1,coach,7250.18,4501.13,152558_6,7.451358150957602,43.75954864684783,1
2,commercial_1-1_480,hbefa3/ldv,0.83,152558_6_2,delivery,7257.04,4502.78,152558_6,7.451330416269894,43.75956915965043,1
3,commercial_1-1_536,hbefa3/ldv,1.12,152558_5_1,delivery,7172.17,4426.86,152558_5,7.4494068217116,43.75797561169512,1
4,commercial_1-1_558,hbefa3/ldv,1.12,153359_0_1,delivery,7324.51,4512.64,153359_0,7.452651697792274,43.76026738183603,1
5,commercial_1-1_89,hbefa3/hdv,6.0,152558_6_1,truck,7242.25,4492.72,152558_6,7.451358150957602,43.75954864684783,1
6,commercial_1-2_153,hbefa3/ldv,1.12,152558_5_2,delivery,7182.87,4432.56,152558_5,7.449376164935055,43.75799383344071,1
7,commercial_1-3_296,hbefa3/ldv,0.86,152558_6_1,delivery,7256.06,4505.48,152558_6,7.451358150957602,43.75954864684783,1
8,commercial_1-gw1_197,hbefa3/ldv,1.12,153354_0_1,delivery,7720.4,4661.21,153354_0,7.457521732201461,43.761405479979,1
9,commercial_1-gw2_198,hbefa3/hdv,6.0,153485_3_1,trailer,7062.3,4826.36,153485_3,7.450809820842694,43.76471314169925,1
10,commercial_1-gw2_266,hbefa3/coach,6.23,153360_0_1,coach,7468.99,5206.17,153360_0,7.455240788140039,43.765955768975736,1
11,commercial_2-1_163,hbefa3/ldv,0.86,153012_1_2,delivery,8585.11,4305.99,153012_1,7.469405337324932,43.75858332395062,1
12,commercial_2-1_188,hbefa3/ldv,1.12,153359_1_1,delivery,7669.11,4626.96,153359_1,7.454546566149951,43.76178134336546,1
13,commercial_2-1_21,hbefa3/ldv,0.86,153012_1_2,delivery,8607.98,4295.38,153012_1,7.469405337324932,43.75858332395062,1
14,commercial_2-1_218,hbefa3/coach,1.96,153012_1_2,coach,8624.24,4293.98,153012_1,7.469405337324932,43.75858332395062,1
15,commercial_2-1_254,hbefa3/hdv,6.0,152473_1,trailer,7154.8,5212.67,152473,7.450722404282039,43.7664006067216,1
16,commercial_2-1_324,hbefa3/ldv,0.86,152558_6_1,delivery,7195.92,4437.41,152558_6,7.451358150957602,43.75954864684783,1
17,commercial_2-1_378,hbefa3/ldv,0.86,153362_0_2,delivery,7607.4,5007.01,153362_0,7.45642319097824,43.76458319140063,1
18,commercial_2-1_38,hbefa3/ldv,1.11,152558_6_1,delivery,7223.9,4463.12,152558_6,7.451358150957602,43.75954864684783,1
19,commercial_gw2-1_129,hbefa3/ldv,0.0,153012_1_2,delivery,8635.98,4297.18,153012_1,7.469405337324932,43.75858332395062,1
20,commercial_gw2-1_156,hbefa3/ldv,1.12,152558_6_1,delivery,7255.86,4505.8,152558_6,7.451358150957602,43.75954864684783,1
21,pedestrian_1-2_1219_tr,hbefa3/ldv_g_eu6,1.08,153359_1_1,motorcycle,7457.1,4681.13,153359_1,7.454546566149951,43.76178134336546,1
22,pedestrian_1-2_1423_tr,hbefa3/ldv_g_eu6,1.08,152558_6_1,motorcycle,7259.51,4508.01,152558_6,7.451358150957602,43.75954864684783,1
23,pedestrian_1-2_146_tr,hbefa3/ldv_g_eu6,0.69,152558_5_1,moped,7077.47,4328.0,152558_5,7.4494068217116,43.75797561169512,1
24,pedestrian_1-2_1687_tr,hbefa3/ldv_g_eu6,0.53,152558_6_1,motorcycle,7252.93,4504.32,152558_6,7.451358150957602,43.75954864684783,1
25,pedestrian_1-2_2063_tr,hbefa3/ldv_g_eu6,1.08,152558_6_1,moped,7246.94,4497.67,152558_6,7.451358150957602,43.75954864684783,1
26,pedestrian_1-2_2073_tr,hbefa3/ldv_g_eu6,0.7,152558_6_1,motorcycle,7259.51,4508.01,152558_6,7.451358150957602,43.75954864684783,1
27,pedestrian_1-2_2276_tr,hbefa3/ldv_g_eu6,0.7,152558_5_1,motorcycle,7183.79,4437.81,152558_5,7.4494068217116,43.75797561169512,1
28,pedestrian_1-2_2399_tr,hbefa3/ldv_g_eu6,1.08,153359_1_1,motorcycle,7457.1,4681.13,153359_1,7.454546566149951,43.76178134336546,1
29,pedestrian_1-2_2854_tr,hbefa3/ldv_g_eu6,1.08,152558_6_1,motorcycle,7253.06,4504.11,152558_6,7.451358150957602,43.75954864684783,1
30,pedestrian_1-2_2950_tr,hbefa3/ldv_g_eu6,1.08,152558_6_1,moped,7253.15,4504.16,152558_6,7.451358150957602,43.75954864684783,1
31,pedestrian_1-2_3234_tr,hbefa3/ldv_g_eu6,1.08,152558_6_1,motorcycle,7248.83,4499.69,152558_6,7.451358150957602,43.75954864684783,1
32,pedestrian_1-2_3567_tr,hbefa3/ldv_g_eu6,1.08,153485_2_2,moped,7175.11,5148.8,153485_2,7.450933488930565,43.76598182367368,1
33,pedestrian_1-2_3608_tr,hbefa3/ldv_g_eu6,0.0,152558_5_1,moped,7109.54,4363.92,152558_5,7.4494068217116,43.75797561169512,1
34,pedestrian_1-2_3775_tr,hbefa3/ldv_g_eu6,1.08,152558_6_1,motorcycle,7259.51,4508.01,152558_6,7.451358150957602,43.75954864684783,1
35,pedestrian_1-2_3962_tr,hbefa3/ldv_g_eu6,1.08,152558_6_1,moped,7259.59,4508.06,152558_6,7.451358150957602,43.75954864684783,1
36,pedestrian_1-2_4264_tr,hbefa3/ldv_g_eu6,1.08,153485_2_2,motorcycle,7176.31,5141.08,153485_2,7.450933488930565,43.76598182367368,1
37,pedestrian_1-2_459_tr,hbefa3/ldv_g_eu6,0.0,152558_6_1,motorcycle,7260.1,4507.03,152558_6,7.451358150957602,43.75954864684783,1
38,pedestrian_1-2_494_tr,hbefa3/ldv_g_eu6,1.08,152558_6_1,motorcycle,7255.44,4505.55,152558_6,7.451358150957602,43.75954864684783,1
39,pedestrian_1-2_5187_tr,hbefa3/ldv_g_eu6,1.08,152558_6_1,motorcycle,7245.15,4495.77,152558_6,7.451358150957602,43.75954864684783,1
40,pedestrian_1-2_5778_tr,hbefa3/ldv_g_eu6,1.08,153359_0_1,motorcycle,7303.32,4513.12,153359_0,7.452651697792274,43.76026738183603,1
41,pedestrian_1-2_5908_tr,hbefa3/ldv_g_eu6,0.0,153359_0_1,motorcycle,7303.32,4513.12,153359_0,7.452651697792274,43.76026738183603,1
42,pedestrian_1-2_5953_tr,hbefa3/ldv_g_eu6,1.08,152473_1,moped,7156.96,5203.9,152473,7.450722404282039,43.7664006067216,1
43,pedestrian_1-2_702_tr,hbefa3/ldv_g_eu6,0.53,152558_6_1,moped,7249.85,4500.77,152558_6,7.451358150957602,43.75954864684783,1
44,pedestrian_1-2_73_tr,hbefa3/ldv_g_eu6,1.08,152558_6_1,moped,7259.59,4508.06,152558_6,7.451358150957602,43.75954864684783,1
45,pedestrian_1-2_750_tr,hbefa3/ldv_g_eu6,1.08,152558_6_2,moped,7260.71,4505.0,152558_6,7.451330416269894,43.75956915965043,1
46,pedestrian_1-3_1104_tr,hbefa3/pc_g_eu4,1.0,152558_5_1,passenger3,7165.8,4420.7,152558_5,7.4494068217116,43.75797561169512,1
47,pedestrian_1-3_1189_tr,hbefa3/pc_g_eu4,1.09,152558_6_1,passenger3,7235.81,4486.69,152558_6,7.451358150957602,43.75954864684783,1
48,pedestrian_1-3_1282_tr,hbefa3/pc_g_eu4,1.0,152558_5_1,passenger4,7181.76,4435.9,152558_5,7.4494068217116,43.75797561169512,1
49,pedestrian_1-3_138_tr,hbefa3/pc_g_eu4,1.0,153359_1_1,passenger3,7458.77,4695.53,153359_1,7.454546566149951,43.76178134336546,1
50,pedestrian_1-3_1630_tr,hbefa3/pc_g_eu4,0.93,152558_6_2,passenger2b,7258.29,4503.54,152558_6,7.451330416269894,43.75956915965043,1
51,pedestrian_1-3_1646_tr,hbefa3/pc_g_eu4,1.0,152558_6_2,passenger4,7238.28,4484.62,152558_6,7.451330416269894,43.75956915965043,1
52,pedestrian_1-3_19_tr,hbefa3/pc_g_eu4,0.98,153359_1_1,passenger3,7477.26,4705.33,153359_1,7.454546566149951,43.76178134336546,1
53,pedestrian_1-3_2578_tr,hbefa3/pc_g_eu4,1.0,152558_6_1,passenger1,7257.13,4506.57,152558_6,7.451358150957602,43.75954864684783,1
54,pedestrian_1-3_2741_tr,hbefa3/pc_g_eu4,0.0,152558_6_1,passenger1,7245.92,4497.61,152558_6,7.451358150957602,43.75954864684783,1
55,pedestrian_1-3_2801_tr,hbefa3/pc_g_eu4,0.9,153326_1_1,passenger3,7011.39,4424.9,153326_1,7.451902239005392,43.763084945141166,1
56,pedestrian_1-3_3235_tr,hbefa3/pc_g_eu4,0.93,153485_3_1,passenger4,7160.05,5005.67,153485_3,7.450809820842694,43.76471314169925,1
57,pedestrian_1-3_3378_tr,hbefa3/pc_g_eu4,1.0,152558_6_1,passenger2a,7257.13,4506.57,152558_6,7.451358150957602,43.75954864684783,1
58,pedestrian_1-3_3602_tr,hbefa3/pc_g_eu4,1.0,152558_6_2,passenger1,7258.29,4503.54,152558_6,7.451330416269894,43.75956915965043,1
59,pedestrian_1-3_3792_tr,hbefa3/pc_g_eu4,0.93,153012_1_2,passenger2a,8641.95,4299.22,153012_1,7.469405337324932,43.75858332395062,1
60,pedestrian_1-3_380_tr,hbefa3/pc_g_eu4,1.0,152558_6_1,passenger2b,7235.81,4486.69,152558_6,7.451358150957602,43.75954864684783,1
61,pedestrian_1-3_4008_tr,hbefa3/pc_g_eu4,1.0,153359_0_1,passenger2b,7315.56,4512.71,153359_0,7.452651697792274,43.76026738183603,1
62,pedestrian_1-3_4492_tr,hbefa3/pc_g_eu4,1.0,153359_1_1,passenger3,7457.37,4683.92,153359_1,7.454546566149951,43.76178134336546,1
63,pedestrian_1-3_4543_tr,hbefa3/pc_g_eu4,1.09,153359_1_1,passenger4,7458.72,4695.46,153359_1,7.454546566149951,43.76178134336546,1
64,pedestrian_1-3_4698_tr,hbefa3/pc_g_eu4,1.0,152558_6_1,passenger2a,7243.69,4494.21,152558_6,7.451358150957602,43.75954864684783,1
65,pedestrian_1-3_4755_tr,hbefa3/pc_g_eu4,1.0,152558_6_1,passenger2a,7257.13,4506.57,152558_6,7.451358150957602,43.75954864684783,1
66,pedestrian_1-3_4886_tr,hbefa3/pc_g_eu4,1.0,153012_1_2,passenger4,8277.24,4663.09,153012_1,7.469405337324932,43.75858332395062,1
67,pedestrian_1-3_5360_tr,hbefa3/pc_g_eu4,1.13,153012_1_2,passenger1,8606.79,4296.21,153012_1,7.469405337324932,43.75858332395062,1
68,pedestrian_1-3_5373_tr,hbefa3/pc_g_eu4,1.13,152558_6_1,passenger2b,7256.77,4507.17,152558_6,7.451358150957602,43.75954864684783,1
69,pedestrian_1-3_5597_tr,hbefa3/pc_g_eu4,1.13,153012_1_2,passenger4,8586.44,4305.3,153012_1,7.469405337324932,43.75858332395062,1
70,pedestrian_1-3_5617_tr,hbefa3/pc_g_eu4,0.0,152558_6_1,passenger3,7240.33,4491.88,152558_6,7.451358150957602,43.75954864684783,1
71,pedestrian_1-3_880_tr,hbefa3/pc_g_eu4,0.0,152558_6_1,passenger1,7246.99,4496.13,152558_6,7.451358150957602,43.75954864684783,1
72,pedestrian_1-gw1_1195_tr,hbefa3/pc_g_eu4,1.12,152558_6_1,passenger4,7227.28,4465.57,152558_6,7.451358150957602,43.75954864684783,1
73,pedestrian_1-gw1_1829_tr,hbefa3/pc_g_eu4,1.13,153485_2_2,passenger2a,7189.05,5058.94,153485_2,7.450933488930565,43.76598182367368,1
74,pedestrian_1-gw1_392_tr,hbefa3/pc_g_eu4,0.91,153485_4_1,passenger2b,6616.8,4248.39,153485_4,7.449224386192401,43.76282552194194,1
75,pedestrian_1-gw2_1195_tr,hbefa3/pc_g_eu4,1.0,153362_0_2,passenger4,7608.73,5003.79,153362_0,7.45642319097824,43.76458319140063,1
76,pedestrian_1-gw2_1263_tr,hbefa3/pc_g_eu4,1.0,153359_1_1,passenger1,7670.53,4627.39,153359_1,7.454546566149951,43.76178134336546,1
77,pedestrian_1-gw2_1474_tr,hbefa3/pc_g_eu4,1.13,153012_1_2,passenger2b,8400.93,4510.89,153012_1,7.469405337324932,43.75858332395062,1
78,pedestrian_1-gw2_1503_tr,hbefa3/pc_g_eu4,1.13,152558_6_1,passenger3,7245.04,4495.65,152558_6,7.451358150957602,43.75954864684783,1
79,pedestrian_1-gw2_1523_tr,hbefa3/pc_g_eu4,1.0,152558_6_1,passenger1,7202.69,4442.44,152558_6,7.451358150957602,43.75954864684783,1
80,pedestrian_1-gw2_154_tr,hbefa3/pc_g_eu4,1.13,153012_1_2,passenger2b,8632.98,4295.6,153012_1,7.469405337324932,43.75858332395062,1
81,pedestrian_1-gw2_1572_tr,hbefa3/pc_g_eu4,1.0,153359_1_1,passenger1,7665.88,4626.0,153359_1,7.454546566149951,43.76178134336546,1
82,pedestrian_1-gw2_1591_tr,hbefa3/pc_g_eu4,1.13,153012_1_2,passenger1,8637.6,4296.94,153012_1,7.469405337324932,43.75858332395062,1
83,pedestrian_1-gw2_191_tr,hbefa3/pc_g_eu4,0.93,152558_5_1,passenger2a,7181.76,4435.9,152558_5,7.4494068217116,43.75797561169512,1
84,pedestrian_1-gw2_241_tr,hbefa3/pc_g_eu4,1.0,153354_0_1,passenger1,7721.31,4662.35,153354_0,7.457521732201461,43.761405479979,1
85,pedestrian_1-gw2_260_tr,hbefa3/pc_g_eu4,1.13,153012_1_2,passenger2b,8632.98,4295.6,153012_1,7.469405337324932,43.75858332395062,1
86,pedestrian_1-gw2_403_tr,hbefa3/pc_g_eu4,1.23,152558_5_1,passenger2a,7039.19,4283.4,152558_5,7.4494068217116,43.75797561169512,1
87,pedestrian_1-gw2_439_tr,hbefa3/pc_g_eu4,1.0,153360_0_1,passenger1,7485.1,5186.44,153360_0,7.455240788140039,43.765955768975736,1
88,pedestrian_1-gw2_500_tr,hbefa3/pc_g_eu4,1.0,153362_0_2,passenger2b,7612.61,4992.13,153362_0,7.45642319097824,43.76458319140063,1
89,pedestrian_1-gw2_534_tr,hbefa3/pc_g_eu4,1.13,153359_1_1,passenger2b,7635.0,4618.52,153359_1,7.454546566149951,43.76178134336546,1
90,pedestrian_1-gw2_681_tr,hbefa3/pc_g_eu4,1.0,152558_6_1,passenger1,7250.12,4501.06,152558_6,7.451358150957602,43.75954864684783,1
91,pedestrian_1-gw2_722_tr,hbefa3/pc_g_eu4,1.13,153012_1_2,passenger4,8125.93,4835.13,153012_1,7.469405337324932,43.75858332395062,1
92,pedestrian_1-gw2_808_tr,hbefa3/pc_g_eu4,1.0,153485_2_2,passenger1,7181.65,5037.39,153485_2,7.450933488930565,43.76598182367368,1
93,pedestrian_2-1_1024_tr,hbefa3/ldv_g_eu6,0.53,153012_1_2,motorcycle,8626.13,4295.68,153012_1,7.469405337324932,43.75858332395062,1
94,pedestrian_2-1_1031_tr,hbefa3/ldv_g_eu6,1.08,152473_1,motorcycle,7158.1,5199.62,152473,7.450722404282039,43.7664006067216,1
95,pedestrian_2-1_1040_tr,hbefa3/ldv_g_eu6,0.53,153012_1_2,motorcycle,8614.09,4294.24,153012_1,7.469405337324932,43.75858332395062,1
96,pedestrian_2-1_1052_tr,hbefa3/ldv_g_eu6,0.53,153012_1_2,motorcycle,8615.61,4294.03,153012_1,7.469405337324932,43.75858332395062,1
97,pedestrian_2-1_1054_tr,hbefa3/ldv_g_eu6,0.53,152558_6_1,moped,7236.32,4487.17,152558_6,7.451358150957602,43.75954864684783,1
98,pedestrian_2-1_1067_tr,hbefa3/ldv_g_eu6,0.53,153012_1_2,motorcycle,8626.43,4294.25,153012_1,7.469405337324932,43.75858332395062,1
99,pedestrian_2-1_1089_tr,hbefa3/ldv_g_eu6,1.08,153360_0_1,motorcycle,7519.21,5141.37,153360_0,7.455240788140039,43.765955768975736,1
100,pedestrian_2-1_1098_tr,hbefa3/ldv_g_eu6,1.08,153359_1_1,moped,7673.29,4628.21,153359_1,7.454546566149951,43.76178134336546,1
101,pedestrian_2-1_1103_tr,hbefa3/ldv_g_eu6,0.7,152558_6_1,motorcycle,7259.51,4508.01,152558_6,7.451358150957602,43.75954864684783,1
102,pedestrian_2-1_1112_tr,hbefa3/ldv_g_eu6,0.53,153012_1_2,motorcycle,8644.23,4300.92,153012_1,7.469405337324932,43.75858332395062,1
103,pedestrian_2-1_1121_tr,hbefa3/ldv_g_eu6,1.08,153362_0_1,motorcycle,7533.05,5130.28,153362_0,7.456461646080743,43.764590283585065,1
104,pedestrian_2-1_1151_tr,hbefa3/ldv_g_eu6,1.08,153012_1_2,motorcycle,8644.44,4300.52,153012_1,7.469405337324932,43.75858332395062,1
105,pedestrian_2-1_1162_tr,hbefa3/ldv_g_eu6,1.08,153359_1_1,motorcycle,7677.75,4629.54,153359_1,7.454546566149951,43.76178134336546,1
106,pedestrian_2-1_1180_tr,hbefa3/ldv_g_eu6,1.08,153359_1_1,motorcycle,7677.75,4629.54,153359_1,7.454546566149951,43.76178134336546,1
107,pedestrian_2-1_1203_tr,hbefa3/ldv_g_eu6,0.53,153012_1_2,motorcycle,8597.89,4299.76,153012_1,7.469405337324932,43.75858332395062,1
108,pedestrian_2-1_1206_tr,hbefa3/ldv_g_eu6,0.7,153012_1_2,motorcycle,8644.44,4300.52,153012_1,7.469405337324932,43.75858332395062,1
109,pedestrian_2-1_1212_tr,hbefa3/ldv_g_eu6,0.53,153012_1_2,motorcycle,8225.13,4728.78,153012_1,7.469405337324932,43.75858332395062,1
110,pedestrian_2-1_1223_tr,hbefa3/ldv_g_eu6,0.55,153354_0_1,moped,7723.81,4663.82,153354_0,7.457521732201461,43.761405479979,1
111,pedestrian_2-1_1259_tr,hbefa3/ldv_g_eu6,1.11,153359_1_1,moped,7489.23,4701.45,153359_1,7.454546566149951,43.76178134336546,1
112,pedestrian_2-1_1261_tr,hbefa3/ldv_g_eu6,0.7,153012_1_1,moped,8643.05,4303.4,153012_1,7.469386308987995,43.758608549677696,1
113,pedestrian_2-1_1265_tr,hbefa3/ldv_g_eu6,1.08,153012_1_2,motorcycle,8644.44,4300.52,153012_1,7.469405337324932,43.75858332395062,1
114,pedestrian_2-1_1310_tr,hbefa3/ldv_g_eu6,0.53,153359_1_1,motorcycle,7677.75,4629.54,153359_1,7.454546566149951,43.76178134336546,1
115,pedestrian_2-1_1318_tr,hbefa3/ldv_g_eu6,1.08,153485_2_2,motorcycle,7175.12,5148.7,153485_2,7.450933488930565,43.76598182367368,1
116,pedestrian_2-1_131_tr,hbefa3/ldv_g_eu6,1.08,153361_2_1,motorcycle,7319.26,4710.55,153361_2,7.452809128022205,43.76203001486708,1
117,pedestrian_2-1_1328_tr,hbefa3/ldv_g_eu6,1.08,152558_6_1,motorcycle,7259.51,4508.01,152558_6,7.451358150957602,43.75954864684783,1
118,pedestrian_2-1_1408_tr,hbefa3/ldv_g_eu6,1.08,153359_1_1,motorcycle,7663.94,4625.43,153359_1,7.454546566149951,43.76178134336546,1
119,pedestrian_2-1_1421_tr,hbefa3/ldv_g_eu6,0.53,153012_1_1,motorcycle,8630.98,4298.37,153012_1,7.469386308987995,43.758608549677696,1
120,pedestrian_2-1_143_tr,hbefa3/ldv_g_eu6,0.53,153012_1_2,motorcycle,8637.69,4296.99,153012_1,7.469405337324932,43.75858332395062,1
121,pedestrian_2-1_1445_tr,hbefa3/ldv_g_eu6,0.53,153012_1_2,motorcycle,8425.86,4476.17,153012_1,7.469405337324932,43.75858332395062,1
122,pedestrian_2-1_144_tr,hbefa3/ldv_g_eu6,1.08,153362_0_2,motorcycle,7613.26,4989.43,153362_0,7.45642319097824,43.76458319140063,1
123,pedestrian_2-1_1472_tr,hbefa3/ldv_g_eu6,0.0,152558_6_1,moped,7252.44,4505.15,152558_6,7.451358150957602,43.75954864684783,1
124,pedestrian_2-1_1490_tr,hbefa3/ldv_g_eu6,1.08,152558_6_1,motorcycle,7197.19,4437.26,152558_6,7.451358150957602,43.75954864684783,1
125,pedestrian_2-1_1491_tr,hbefa3/ldv_g_eu6,1.08,153359_1_1,motorcycle,7457.1,4681.13,153359_1,7.454546566149951,43.76178134336546,1
126,pedestrian_2-1_1536_tr,hbefa3/ldv_g_eu6,0.53,153359_1_1,motorcycle,7677.75,4629.54,153359_1,7.454546566149951,43.76178134336546,1
127,pedestrian_2-1_1538_tr,hbefa3/ldv_g_eu6,1.08,153485_2_1,motorcycle,7171.96,5148.23,153485_2,7.450894359233009,43.765976791342425,1
128,pedestrian_2-1_1548_tr,hbefa3/ldv_g_eu6,0.55,153012_1_2,moped,8644.53,4300.56,153012_1,7.469405337324932,43.75858332395062,1
129,pedestrian_2-1_1556_tr,hbefa3/ldv_g_eu6,1.08,152558_6_1,motorcycle,7197.19,4437.26,152558_6,7.451358150957602,43.75954864684783,1
130,pedestrian_2-1_1609_tr,hbefa3/ldv_g_eu6,0.7,152558_6_1,motorcycle,7197.19,4437.26,152558_6,7.451358150957602,43.75954864684783,1
131,pedestrian_2-1_1614_tr,hbefa3/ldv_g_eu6,0.53,153359_1_1,motorcycle,7457.1,4681.13,153359_1,7.454546566149951,43.76178134336546,1
132,pedestrian_2-1_1632_tr,hbefa3/ldv_g_eu6,1.08,153359_1_1,motorcycle,7677.75,4629.54,153359_1,7.454546566149951,43.76178134336546,1
133,pedestrian_2-1_1652_tr,hbefa3/ldv_g_eu6,0.0,153012_1_2,motorcycle,7829.0,4900.27,153012_1,7.469405337324932,43.75858332395062,1
134,pedestrian_2-1_1669_tr,hbefa3/ldv_g_eu6,0.53,153012_1_2,motorcycle,8583.97,4305.5,153012_1,7.469405337324932,43.75858332395062,1
135,pedestrian_2-1_1684_tr,hbefa3/ldv_g_eu6,1.08,152473_1,moped,7158.13,5199.53,152473,7.450722404282039,43.7664006067216,1
136,pedestrian_2-1_168_tr,hbefa3/ldv_g_eu6,1.17,152558_5_1,moped,7087.36,4340.38,152558_5,7.4494068217116,43.75797561169512,1
137,pedestrian_2-1_1696_tr,hbefa3/ldv_g_eu6,0.94,153359_1_1,motorcycle,7677.75,4629.54,153359_1,7.454546566149951,43.76178134336546,1
138,pedestrian_2-1_1717_tr,hbefa3/ldv_g_eu6,1.08,153012_1_2,motorcycle,8644.44,4300.52,153012_1,7.469405337324932,43.75858332395062,1
139,pedestrian_2-1_1723_tr,hbefa3/ldv_g_eu6,1.08,153359_1_1,motorcycle,7677.75,4629.54,153359_1,7.454546566149951,43.76178134336546,1
140,pedestrian_2-1_1750_tr,hbefa3/ldv_g_eu6,0.53,153012_1_1,moped,8642.96,4303.36,153012_1,7.469386308987995,43.758608549677696,1
141,pedestrian_2-1_1773_tr,hbefa3/ldv_g_eu6,0.53,153012_1_2,motorcycle,8628.32,4294.48,153012_1,7.469405337324932,43.75858332395062,1
142,pedestrian_2-1_1784_tr,hbefa3/ldv_g_eu6,0.86,152558_5_1,moped,7060.78,4307.1,152558_5,7.4494068217116,43.75797561169512,1
143,pedestrian_2-1_1794_tr,hbefa3/ldv_g_eu6,0.53,153359_1_1,motorcycle,7670.53,4627.39,153359_1,7.454546566149951,43.76178134336546,1
144,pedestrian_2-1_1797_tr,hbefa3/ldv_g_eu6,0.53,153485_2_2,motorcycle,7173.99,5148.52,153485_2,7.450933488930565,43.76598182367368,1
145,pedestrian_2-1_1835_tr,hbefa3/ldv_g_eu6,1.08,153485_4_1,motorcycle,7029.24,4801.25,153485_4,7.449224386192401,43.76282552194194,1
146,pedestrian_2-1_1852_tr,hbefa3/ldv_g_eu6,1.08,152558_6_1,motorcycle,7259.51,4508.01,152558_6,7.451358150957602,43.75954864684783,1
147,pedestrian_2-1_1887_tr,hbefa3/ldv_g_eu6,0.7,152558_5_1,motorcycle,7183.79,4437.81,152558_5,7.4494068217116,43.75797561169512,1
148,pedestrian_2-1_1893_tr,hbefa3/ldv_g_eu6,0.53,153012_1_2,moped,8644.44,4300.52,153012_1,7.469405337324932,43.75858332395062,1
149,pedestrian_2-1_18_tr,hbefa3/ldv_g_eu6,1.08,153359_1_1,motorcycle,7457.1,4681.13,153359_1,7.454546566149951,43.76178134336546,1
150,pedestrian_2-1_190_tr,hbefa3/ldv_g_eu6,0.53,153362_0_2,moped,7576.48,5077.12,153362_0,7.45642319097824,43.76458319140063,1
151,pedestrian_2-1_1942_tr,hbefa3/ldv_g_eu6,0.53,153012_1_2,motorcycle,8609.43,4295.26,153012_1,7.469405337324932,43.75858332395062,1
152,pedestrian_2-1_1973_tr,hbefa3/ldv_g_eu6,0.53,153012_1_2,motorcycle,8640.09,4298.24,153012_1,7.469405337324932,43.75858332395062,1
153,pedestrian_2-1_1976_tr,hbefa3/ldv_g_eu6,1.08,153359_1_1,motorcycle,7665.98,4626.03,153359_1,7.454546566149951,43.76178134336546,1
154,pedestrian_2-1_1994_tr,hbefa3/ldv_g_eu6,1.08,153012_1_2,motorcycle,8644.44,4300.52,153012_1,7.469405337324932,43.75858332395062,1
155,pedestrian_2-1_19_tr,hbefa3/ldv_g_eu6,0.53,152558_6_1,motorcycle,7249.85,4500.77,152558_6,7.451358150957602,43.75954864684783,1
156,pedestrian_2-1_2018_tr,hbefa3/ldv_g_eu6,0.53,153326_1_1,motorcycle,7247.35,4825.48,153326_1,7.451902239005392,43.763084945141166,1
157,pedestrian_2-1_2036_tr,hbefa3/ldv_g_eu6,1.08,153012_1_2,motorcycle,8644.44,4300.52,153012_1,7.469405337324932,43.75858332395062,1
158,pedestrian_2-1_2069_tr,hbefa3/ldv_g_eu6,0.53,153012_1_2,motorcycle,8628.32,4294.48,153012_1,7.469405337324932,43.75858332395062,1
159,pedestrian_2-1_2083_tr,hbefa3/ldv_g_eu6,0.0,152558_6_1,motorcycle,7258.91,4508.99,152558_6,7.451358150957602,43.75954864684783,1
160,pedestrian_2-1_2090_tr,hbefa3/ldv_g_eu6,0.7,152558_6_2,motorcycle,7260.62,4504.95,152558_6,7.451330416269894,43.75956915965043,1
161,pedestrian_2-1_2167_tr,hbefa3/ldv_g_eu6,0.0,153012_1_2,moped,7631.08,4932.0,153012_1,7.469405337324932,43.75858332395062,1
162,pedestrian_2-1_2179_tr,hbefa3/ldv_g_eu6,1.08,153360_0_1,motorcycle,7465.19,5207.73,153360_0,7.455240788140039,43.765955768975736,1
163,pedestrian_2-1_2182_tr,hbefa3/ldv_g_eu6,1.07,153354_0_1,motorcycle,7715.91,4649.63,153354_0,7.457521732201461,43.761405479979,1
164,pedestrian_2-1_2247_tr,hbefa3/ldv_g_eu6,1.08,152558_6_1,motorcycle,7197.19,4437.26,152558_6,7.451358150957602,43.75954864684783,1
165,pedestrian_2-1_2276_tr,hbefa3/ldv_g_eu6,1.08,153359_0_1,moped,7303.22,4513.12,153359_0,7.452651697792274,43.76026738183603,1
166,pedestrian_2-1_2310_tr,hbefa3/ldv_g_eu6,0.53,153012_1_2,motorcycle,8631.15,4295.09,153012_1,7.469405337324932,43.75858332395062,1
167,pedestrian_2-1_2433_tr,hbefa3/ldv_g_eu6,1.08,153359_1_1,motorcycle,7677.75,4629.54,153359_1,7.454546566149951,43.76178134336546,1
168,pedestrian_2-1_2442_tr,hbefa3/ldv_g_eu6,1.32,153485_2_2,moped,7187.58,5097.3,153485_2,7.450933488930565,43.76598182367368,1
169,pedestrian_2-1_2444_tr,hbefa3/ldv_g_eu6,0.53,152558_6_1,moped,7236.91,4487.72,152558_6,7.451358150957602,43.75954864684783,1
170,pedestrian_2-1_2472_tr,hbefa3/ldv_g_eu6,0.53,153012_1_2,motorcycle,8621.65,4292.71,153012_1,7.469405337324932,43.75858332395062,1
171,pedestrian_2-1_2480_tr,hbefa3/ldv_g_eu6,1.08,153359_1_1,motorcycle,7661.42,4624.67,153359_1,7.454546566149951,43.76178134336546,1
172,pedestrian_2-1_2505_tr,hbefa3/ldv_g_eu6,0.53,153012_1_2,motorcycle,8644.09,4300.96,153012_1,7.469405337324932,43.75858332395062,1
173,pedestrian_2-1_2516_tr,hbefa3/ldv_g_eu6,1.3,153012_1_2,motorcycle,7649.16,4921.75,153012_1,7.469405337324932,43.75858332395062,1
174,pedestrian_2-1_2523_tr,hbefa3/ldv_g_eu6,0.7,153485_2_2,motorcycle,7180.77,5034.83,153485_2,7.450933488930565,43.76598182367368,1
175,pedestrian_2-1_2580_tr,hbefa3/ldv_g_eu6,0.7,153012_1_2,moped,8179.74,4778.81,153012_1,7.469405337324932,43.75858332395062,1
176,pedestrian_2-1_2601_tr,hbefa3/ldv_g_eu6,0.53,152558_6_1,motorcycle,7200.59,4440.46,152558_6,7.451358150957602,43.75954864684783,1
177,pedestrian_2-1_260_tr,hbefa3/ldv_g_eu6,1.05,153012_1_2,motorcycle,8637.69,4296.99,153012_1,7.469405337324932,43.75858332395062,1
178,pedestrian_2-1_2618_tr,hbefa3/ldv_g_eu6,0.83,152558_6_1,motorcycle,7197.19,4437.26,152558_6,7.451358150957602,43.75954864684783,1
179,pedestrian_2-1_2622_tr,hbefa3/ldv_g_eu6,0.53,153012_1_2,moped,8643.93,4301.71,153012_1,7.469405337324932,43.75858332395062,1
180,pedestrian_2-1_2626_tr,hbefa3/ldv_g_eu6,0.55,153362_0_2,moped,7605.62,5011.32,153362_0,7.45642319097824,43.76458319140063,1
181,pedestrian_2-1_2634_tr,hbefa3/ldv_g_eu6,0.53,153012_1_1,motorcycle,8642.87,4303.31,153012_1,7.469386308987995,43.758608549677696,1
182,pedestrian_2-1_2662_tr,hbefa3/ldv_g_eu6,0.53,153012_1_2,motorcycle,8631.22,4295.37,153012_1,7.469405337324932,43.75858332395062,1
183,pedestrian_2-1_2670_tr,hbefa3/ldv_g_eu6,0.53,153012_1_2,motorcycle,8644.35,4300.47,153012_1,7.469405337324932,43.75858332395062,1
184,pedestrian_2-1_268_tr,hbefa3/ldv_g_eu6,0.53,153012_1_2,motorcycle,8635.69,4296.35,153012_1,7.469405337324932,43.75858332395062,1
185,pedestrian_2-1_2701_tr,hbefa3/ldv_g_eu6,0.53,153012_1_2,moped,8635.68,4296.76,153012_1,7.469405337324932,43.75858332395062,1
186,pedestrian_2-1_2762_tr,hbefa3/ldv_g_eu6,0.53,153362_0_2,motorcycle,7611.47,4996.76,153362_0,7.45642319097824,43.76458319140063,1
187,pedestrian_2-1_27_tr,hbefa3/ldv_g_eu6,1.08,153359_1_1,moped,7652.23,4622.49,153359_1,7.454546566149951,43.76178134336546,1
188,pedestrian_2-1_2814_tr,hbefa3/ldv_g_eu6,1.08,153360_0_1,motorcycle,7489.21,5185.21,153360_0,7.455240788140039,43.765955768975736,1
189,pedestrian_2-1_2817_tr,hbefa3/ldv_g_eu6,1.08,152558_5_2,motorcycle,7034.24,4267.73,152558_5,7.449376164935055,43.75799383344071,1
190,pedestrian_2-1_2824_tr,hbefa3/ldv_g_eu6,0.53,153012_1_2,moped,8637.78,4297.03,153012_1,7.469405337324932,43.75858332395062,1
191,pedestrian_2-1_2843_tr,hbefa3/ldv_g_eu6,1.08,153354_0_1,motorcycle,7718.5,4658.56,153354_0,7.457521732201461,43.761405479979,1
192,pedestrian_2-1_2845_tr,hbefa3/ldv_g_eu6,1.08,152558_6_1,moped,7259.59,4508.06,152558_6,7.451358150957602,43.75954864684783,1
193,pedestrian_2-1_2869_tr,hbefa3/ldv_g_eu6,0.53,153012_1_2,motorcycle,8602.26,4297.84,153012_1,7.469405337324932,43.75858332395062,1
194,pedestrian_2-1_2890_tr,hbefa3/ldv_g_eu6,0.83,153359_1_1,moped,7574.51,4606.44,153359_1,7.454546566149951,43.76178134336546,1
195,pedestrian_2-1_2947_tr,hbefa3/ldv_g_eu6,0.79,153359_1_1,moped,7563.26,4609.59,153359_1,7.454546566149951,43.76178134336546,1
196,pedestrian_2-1_2960_tr,hbefa3/ldv_g_eu6,0.53,153012_1_2,moped,8616.97,4293.93,153012_1,7.469405337324932,43.75858332395062,1
197,pedestrian_2-1_298_tr,hbefa3/ldv_g_eu6,0.53,153012_1_2,motorcycle,8593.53,4301.72,153012_1,7.469405337324932,43.75858332395062,1
198,pedestrian_2-1_3015_tr,hbefa3/ldv_g_eu6,1.08,153354_0_1,motorcycle,7697.49,4633.86,153354_0,7.457521732201461,43.761405479979,1
199,pedestrian_2-1_3069_tr,hbefa3/ldv_g_eu6,1.08,153012_1_2,moped,8644.53,4300.56,153012_1,7.469405337324932,43.75858332395062,1
200,pedestrian_2-1_3074_tr,hbefa3/ldv_g_eu6,1.08,152337_1,motorcycle,7742.43,4658.3,152337,7.4580748610487,43.76165469556375,1
201,pedestrian_2-1_3076_tr,hbefa3/ldv_g_eu6,0.97,153359_1_1,motorcycle,7648.55,4622.13,153359_1,7.454546566149951,43.76178134336546,1
202,pedestrian_2-1_3083_tr,hbefa3/ldv_g_eu6,1.44,153360_0_1,moped,7481.16,5194.84,153360_0,7.455240788140039,43.765955768975736,1
203,pedestrian_2-1_3097_tr,hbefa3/ldv_g_eu6,0.7,153485_2_2,motorcycle,7175.12,5148.7,153485_2,7.450933488930565,43.76598182367368,1
204,pedestrian_2-1_309_tr,hbefa3/ldv_g_eu6,0.64,153012_1_2,motorcycle,8379.66,4554.43,153012_1,7.469405337324932,43.75858332395062,1
205,pedestrian_2-1_3115_tr,hbefa3/ldv_g_eu6,0.53,153012_1_2,moped,8096.54,4875.2,153012_1,7.469405337324932,43.75858332395062,1
206,pedestrian_2-1_3170_tr,hbefa3/ldv_g_eu6,1.08,153012_1_2,motorcycle,8644.44,4300.52,153012_1,7.469405337324932,43.75858332395062,1
207,pedestrian_2-1_3172_tr,hbefa3/ldv_g_eu6,0.53,153012_1_2,moped,8643.7,4301.93,153012_1,7.469405337324932,43.75858332395062,1
208,pedestrian_2-1_3178_tr,hbefa3/ldv_g_eu6,0.0,153012_1_2,moped,7787.05,4936.7,153012_1,7.469405337324932,43.75858332395062,1
209,pedestrian_2-1_3192_tr,hbefa3/ldv_g_eu6,1.08,153359_1_1,motorcycle,7677.75,4629.54,153359_1,7.454546566149951,43.76178134336546,1
210,pedestrian_2-1_320_tr,hbefa3/ldv_g_eu6,1.08,152558_5_1,motorcycle,7173.26,4427.89,152558_5,7.4494068217116,43.75797561169512,1
211,pedestrian_2-1_3238_tr,hbefa3/ldv_g_eu6,0.53,152558_5_1,motorcycle,7184.58,4436.97,152558_5,7.4494068217116,43.75797561169512,1
212,pedestrian_2-1_329_tr,hbefa3/ldv_g_eu6,1.08,152558_6_1,moped,7200.52,4440.39,152558_6,7.451358150957602,43.75954864684783,1
213,pedestrian_2-1_3342_tr,hbefa3/ldv_g_eu6,1.08,153485_2_2,motorcycle,7175.12,5148.7,153485_2,7.450933488930565,43.76598182367368,1
214,pedestrian_2-1_3346_tr,hbefa3/ldv_g_eu6,0.55,153012_1_2,moped,8644.53,4300.56,153012_1,7.469405337324932,43.75858332395062,1
215,pedestrian_2-1_340_tr,hbefa3/ldv_g_eu6,0.53,153012_1_2,motorcycle,8631.05,4295.07,153012_1,7.469405337324932,43.75858332395062,1
216,pedestrian_2-1_3413_tr,hbefa3/ldv_g_eu6,0.87,153359_1_1,motorcycle,7677.75,4629.54,153359_1,7.454546566149951,43.76178134336546,1
217,pedestrian_2-1_3448_tr,hbefa3/ldv_g_eu6,0.53,153012_1_2,motorcycle,8597.89,4299.76,153012_1,7.469405337324932,43.75858332395062,1
218,pedestrian_2-1_3458_tr,hbefa3/ldv_g_eu6,0.53,153012_1_2,motorcycle,8635.94,4295.44,153012_1,7.469405337324932,43.75858332395062,1
219,pedestrian_2-1_3491_tr,hbefa3/ldv_g_eu6,0.0,153359_1_1,moped,7586.49,4607.31,153359_1,7.454546566149951,43.76178134336546,1
220,pedestrian_2-1_349_tr,hbefa3/ldv_g_eu6,1.08,153012_1_2,motorcycle,8644.44,4300.52,153012_1,7.469405337324932,43.75858332395062,1
221,pedestrian_2-1_3526_tr,hbefa3/ldv_g_eu6,0.53,152558_6_1,moped,7253.15,4504.16,152558_6,7.451358150957602,43.75954864684783,1
222,pedestrian_2-1_3576_tr,hbefa3/ldv_g_eu6,0.58,153361_2_1,motorcycle,7326.74,4716.57,153361_2,7.452809128022205,43.76203001486708,1
223,pedestrian_2-1_3599_tr,hbefa3/ldv_g_eu6,1.08,153361_2_1,motorcycle,7319.26,4710.55,153361_2,7.452809128022205,43.76203001486708,1
224,pedestrian_2-1_3612_tr,hbefa3/ldv_g_eu6,0.53,153012_1_2,motorcycle,8607.63,4295.9,153012_1,7.469405337324932,43.75858332395062,1
225,pedestrian_2-1_3631_tr,hbefa3/ldv_g_eu6,1.06,153012_1_2,motorcycle,8644.44,4300.52,153012_1,7.469405337324932,43.75858332395062,1
226,pedestrian_2-1_3685_tr,hbefa3/ldv_g_eu6,1.08,152558_5_1,moped,7036.61,4265.58,152558_5,7.4494068217116,43.75797561169512,1
227,pedestrian_2-1_3688_tr,hbefa3/ldv_g_eu6,0.54,153362_0_2,moped,7613.28,4989.34,153362_0,7.45642319097824,43.76458319140063,1
228,pedestrian_2-1_3736_tr,hbefa3/ldv_g_eu6,1.08,153359_1_1,motorcycle,7457.1,4681.13,153359_1,7.454546566149951,43.76178134336546,1
229,pedestrian_2-1_3750_tr,hbefa3/ldv_g_eu6,0.79,152558_6_1,moped,7217.71,4468.12,152558_6,7.451358150957602,43.75954864684783,1
230,pedestrian_2-1_3757_tr,hbefa3/ldv_g_eu6,1.08,153360_0_1,motorcycle,7519.21,5141.37,153360_0,7.455240788140039,43.765955768975736,1
231,pedestrian_2-1_3783_tr,hbefa3/ldv_g_eu6,0.71,153359_1_1,motorcycle,7567.38,4608.44,153359_1,7.454546566149951,43.76178134336546,1
232,pedestrian_2-1_3788_tr,hbefa3/ldv_g_eu6,0.53,153012_1_1,moped,8642.96,4303.36,153012_1,7.469386308987995,43.758608549677696,1
233,pedestrian_2-1_3850_tr,hbefa3/ldv_g_eu6,0.53,153359_1_1,motorcycle,7673.19,4628.18,153359_1,7.454546566149951,43.76178134336546,1
234,pedestrian_2-1_3851_tr,hbefa3/ldv_g_eu6,0.53,153362_0_2,motorcycle,7613.26,4989.43,153362_0,7.45642319097824,43.76458319140063,1
235,pedestrian_2-1_387_tr,hbefa3/ldv_g_eu6,0.53,152558_6_1,motorcycle,7246.6,4497.31,152558_6,7.451358150957602,43.75954864684783,1
236,pedestrian_2-1_3886_tr,hbefa3/ldv_g_eu6,0.53,153012_1_1,moped,8642.96,4303.36,153012_1,7.469386308987995,43.758608549677696,1
237,pedestrian_2-1_3887_tr,hbefa3/ldv_g_eu6,1.08,153360_0_1,motorcycle,7505.54,5157.69,153360_0,7.455240788140039,43.765955768975736,1
238,pedestrian_2-1_3890_tr,hbefa3/ldv_g_eu6,1.08,153360_0_1,motorcycle,7495.4,5174.33,153360_0,7.455240788140039,43.765955768975736,1
239,pedestrian_2-1_3905_tr,hbefa3/ldv_g_eu6,0.53,153012_1_2,moped,8644.44,4300.52,153012_1,7.469405337324932,43.75858332395062,1
240,pedestrian_2-1_3919_tr,hbefa3/ldv_g_eu6,0.53,153360_0_1,motorcycle,7473.33,5204.38,153360_0,7.455240788140039,43.765955768975736,1
241,pedestrian_2-1_3976_tr,hbefa3/ldv_g_eu6,1.08,153012_1_2,motorcycle,8644.44,4300.52,153012_1,7.469405337324932,43.75858332395062,1
242,pedestrian_2-1_3980_tr,hbefa3/ldv_g_eu6,0.53,153485_2_2,moped,7180.77,5034.83,153485_2,7.450933488930565,43.76598182367368,1
243,pedestrian_2-1_3981_tr,hbefa3/ldv_g_eu6,0.53,153012_1_2,motorcycle,8612.2,4294.44,153012_1,7.469405337324932,43.75858332395062,1
244,pedestrian_2-1_3984_tr,hbefa3/ldv_g_eu6,0.53,152558_6_1,motorcycle,7259.42,4507.96,152558_6,7.451358150957602,43.75954864684783,1
245,pedestrian_2-1_3992_tr,hbefa3/ldv_g_eu6,0.53,153012_1_2,motorcycle,8640.09,4298.24,153012_1,7.469405337324932,43.75858332395062,1
246,pedestrian_2-1_3997_tr,hbefa3/ldv_g_eu6,0.54,153012_1_2,motorcycle,8644.44,4300.52,153012_1,7.469405337324932,43.75858332395062,1
247,pedestrian_2-1_4022_tr,hbefa3/ldv_g_eu6,0.76,152337_1,motorcycle,7742.43,4658.3,152337,7.4580748610487,43.76165469556375,1
248,pedestrian_2-1_4053_tr,hbefa3/ldv_g_eu6,0.53,153012_1_2,moped,8626.43,4294.25,153012_1,7.469405337324932,43.75858332395062,1
249,pedestrian_2-1_4054_tr,hbefa3/ldv_g_eu6,0.53,153359_1_1,moped,7457.1,4681.13,153359_1,7.454546566149951,43.76178134336546,1
250,pedestrian_2-1_4058_tr,hbefa3/ldv_g_eu6,0.53,153012_1_2,moped,8631.05,4296.51,153012_1,7.469405337324932,43.75858332395062,1
251,pedestrian_2-1_40_tr,hbefa3/ldv_g_eu6,1.08,153359_1_1,motorcycle,7670.53,4627.39,153359_1,7.454546566149951,43.76178134336546,1
252,pedestrian_2-1_4128_tr,hbefa3/ldv_g_eu6,1.08,153012_1_2,motorcycle,8644.44,4300.52,153012_1,7.469405337324932,43.75858332395062,1
253,pedestrian_2-1_4145_tr,hbefa3/ldv_g_eu6,0.53,153012_1_2,motorcycle,8616.92,4294.39,153012_1,7.469405337324932,43.75858332395062,1
254,pedestrian_2-1_4151_tr,hbefa3/ldv_g_eu6,1.08,153359_1_1,motorcycle,7665.98,4626.03,153359_1,7.454546566149951,43.76178134336546,1
255,pedestrian_2-1_4177_tr,hbefa3/ldv_g_eu6,0.7,153012_1_2,moped,8644.53,4300.56,153012_1,7.469405337324932,43.75858332395062,1
256,pedestrian_2-1_4180_tr,hbefa3/ldv_g_eu6,1.08,153359_1_1,motorcycle,7677.75,4629.54,153359_1,7.454546566149951,43.76178134336546,1
257,pedestrian_2-1_4194_tr,hbefa3/ldv_g_eu6,1.08,152337_1,moped,7746.17,4655.62,152337,7.4580748610487,43.76165469556375,1
258,pedestrian_2-1_421_tr,hbefa3/ldv_g_eu6,0.0,153012_1_2,motorcycle,8326.52,4632.93,153012_1,7.469405337324932,43.75858332395062,1
259,pedestrian_2-1_4224_tr,hbefa3/ldv_g_eu6,1.08,152473_1,motorcycle,7158.1,5199.62,152473,7.450722404282039,43.7664006067216,1
260,pedestrian_2-1_4254_tr,hbefa3/ldv_g_eu6,0.7,153485_2_1,motorcycle,7171.96,5148.23,153485_2,7.450894359233009,43.765976791342425,1
261,pedestrian_2-1_4263_tr,hbefa3/ldv_g_eu6,1.08,152558_6_1,moped,7255.52,4505.6,152558_6,7.451358150957602,43.75954864684783,1
262,pedestrian_2-1_4327_tr,hbefa3/ldv_g_eu6,1.08,153354_0_1,motorcycle,7723.72,4663.77,153354_0,7.457521732201461,43.761405479979,1
263,pedestrian_2-1_4346_tr,hbefa3/ldv_g_eu6,0.53,153359_1_1,motorcycle,7457.11,4681.23,153359_1,7.454546566149951,43.76178134336546,1
264,pedestrian_2-1_4349_tr,hbefa3/ldv_g_eu6,1.08,153362_0_2,motorcycle,7612.13,4994.05,153362_0,7.45642319097824,43.76458319140063,1
265,pedestrian_2-1_4375_tr,hbefa3/ldv_g_eu6,0.53,153012_1_2,moped,8628.41,4294.49,153012_1,7.469405337324932,43.75858332395062,1
266,pedestrian_2-1_4390_tr,hbefa3/ldv_g_eu6,1.08,152558_5_1,motorcycle,7183.79,4437.81,152558_5,7.4494068217116,43.75797561169512,1
267,pedestrian_2-1_4402_tr,hbefa3/ldv_g_eu6,0.53,153359_1_1,motorcycle,7642.35,4620.29,153359_1,7.454546566149951,43.76178134336546,1
268,pedestrian_2-1_4411_tr,hbefa3/ldv_g_eu6,1.08,153359_1_1,motorcycle,7677.75,4629.54,153359_1,7.454546566149951,43.76178134336546,1
269,pedestrian_2-1_4438_tr,hbefa3/ldv_g_eu6,0.7,153012_1_2,motorcycle,8644.44,4300.52,153012_1,7.469405337324932,43.75858332395062,1
270,pedestrian_2-1_4443_tr,hbefa3/ldv_g_eu6,0.88,153359_1_1,motorcycle,7677.75,4629.54,153359_1,7.454546566149951,43.76178134336546,1
271,pedestrian_2-1_4446_tr,hbefa3/ldv_g_eu6,0.0,153012_1_2,moped,8266.16,4670.43,153012_1,7.469405337324932,43.75858332395062,1
272,pedestrian_2-1_4488_tr,hbefa3/ldv_g_eu6,1.08,153362_0_2,motorcycle,7604.56,5013.89,153362_0,7.45642319097824,43.76458319140063,1
273,pedestrian_2-1_4515_tr,hbefa3/ldv_g_eu6,0.53,153012_1_2,motorcycle,8626.43,4294.25,153012_1,7.469405337324932,43.75858332395062,1
274,pedestrian_2-1_4517_tr,hbefa3/ldv_g_eu6,0.53,153012_1_2,motorcycle,8609.61,4295.78,153012_1,7.469405337324932,43.75858332395062,1
275,pedestrian_2-1_4534_tr,hbefa3/ldv_g_eu6,0.53,153012_1_2,motorcycle,8644.35,4300.47,153012_1,7.469405337324932,43.75858332395062,1
276,pedestrian_2-1_4548_tr,hbefa3/ldv_g_eu6,0.53,153012_1_2,moped,8640.18,4298.29,153012_1,7.469405337324932,43.75858332395062,1
277,pedestrian_2-1_4555_tr,hbefa3/ldv_g_eu6,0.53,153012_1_2,moped,8644.44,4300.52,153012_1,7.469405337324932,43.75858332395062,1
278,pedestrian_2-1_4581_tr,hbefa3/ldv_g_eu6,1.08,153485_2_2,moped,7180.74,5034.74,153485_2,7.450933488930565,43.76598182367368,1
279,pedestrian_2-1_4601_tr,hbefa3/ldv_g_eu6,0.58,152558_6_1,moped,7231.19,4482.37,152558_6,7.451358150957602,43.75954864684783,1
280,pedestrian_2-1_4627_tr,hbefa3/ldv_g_eu6,1.08,152558_6_2,motorcycle,7260.62,4504.95,152558_6,7.451330416269894,43.75956915965043,1
281,pedestrian_2-1_4673_tr,hbefa3/ldv_g_eu6,1.22,153359_1_1,moped,7506.17,4680.65,153359_1,7.454546566149951,43.76178134336546,1
282,pedestrian_2-1_4694_tr,hbefa3/ldv_g_eu6,1.08,153485_2_2,motorcycle,7178.14,5129.31,153485_2,7.450933488930565,43.76598182367368,1
283,pedestrian_2-1_4729_tr,hbefa3/ldv_g_eu6,0.53,153012_1_2,motorcycle,8644.88,4299.68,153012_1,7.469405337324932,43.75858332395062,1
284,pedestrian_2-1_4739_tr,hbefa3/ldv_g_eu6,1.08,152473_1,moped,7158.13,5199.53,152473,7.450722404282039,43.7664006067216,1
285,pedestrian_2-1_4740_tr,hbefa3/ldv_g_eu6,0.53,152337_1,motorcycle,7742.43,4658.3,152337,7.4580748610487,43.76165469556375,1
286,pedestrian_2-1_4757_tr,hbefa3/ldv_g_eu6,0.53,153012_1_2,motorcycle,8009.64,4880.54,153012_1,7.469405337324932,43.75858332395062,1
287,pedestrian_2-1_4761_tr,hbefa3/ldv_g_eu6,1.08,153359_1_1,motorcycle,7677.75,4629.54,153359_1,7.454546566149951,43.76178134336546,1
288,pedestrian_2-1_4764_tr,hbefa3/ldv_g_eu6,0.53,153012_1_2,moped,8244.84,4696.86,153012_1,7.469405337324932,43.75858332395062,1
289,pedestrian_2-1_4766_tr,hbefa3/ldv_g_eu6,0.74,152558_6_1,motorcycle,7259.51,4508.01,152558_6,7.451358150957602,43.75954864684783,1
290,pedestrian_2-1_4790_tr,hbefa3/ldv_g_eu6,0.57,153359_1_1,motorcycle,7647.01,4621.33,153359_1,7.454546566149951,43.76178134336546,1
291,pedestrian_2-1_4792_tr,hbefa3/ldv_g_eu6,0.53,153359_1_1,motorcycle,7677.66,4629.51,153359_1,7.454546566149951,43.76178134336546,1
292,pedestrian_2-1_4797_tr,hbefa3/ldv_g_eu6,0.53,153359_1_1,motorcycle,7457.56,4685.92,153359_1,7.454546566149951,43.76178134336546,1
293,pedestrian_2-1_4801_tr,hbefa3/ldv_g_eu6,1.03,152558_5_1,motorcycle,7152.43,4406.28,152558_5,7.4494068217116,43.75797561169512,1
294,pedestrian_2-1_4836_tr,hbefa3/ldv_g_eu6,1.08,153485_2_2,motorcycle,7175.12,5148.7,153485_2,7.450933488930565,43.76598182367368,1
295,pedestrian_2-1_4871_tr,hbefa3/ldv_g_eu6,1.13,153485_2_2,moped,7181.89,5133.91,153485_2,7.450933488930565,43.76598182367368,1
296,pedestrian_2-1_4885_tr,hbefa3/ldv_g_eu6,0.53,153012_1_2,motorcycle,8197.9,4756.84,153012_1,7.469405337324932,43.75858332395062,1
297,pedestrian_2-1_4910_tr,hbefa3/ldv_g_eu6,1.08,153361_2_1,motorcycle,7319.26,4710.55,153361_2,7.452809128022205,43.76203001486708,1
298,pedestrian_2-1_4922_tr,hbefa3/ldv_g_eu6,1.08,152558_6_1,moped,7197.12,4437.19,152558_6,7.451358150957602,43.75954864684783,1
299,pedestrian_2-1_4925_tr,hbefa3/ldv_g_eu6,1.08,153485_2_2,motorcycle,7176.31,5141.08,153485_2,7.450933488930565,43.76598182367368,1
300,pedestrian_2-1_4965_tr,hbefa3/ldv_g_eu6,0.53,153012_1_2,motorcycle,8635.69,4296.35,153012_1,7.469405337324932,43.75858332395062,1
301,pedestrian_2-1_4990_tr,hbefa3/ldv_g_eu6,0.53,152558_6_1,moped,7251.2,4503.97,152558_6,7.451358150957602,43.75954864684783,1
302,pedestrian_2-1_5001_tr,hbefa3/ldv_g_eu6,0.53,153359_1_1,motorcycle,7677.66,4629.51,153359_1,7.454546566149951,43.76178134336546,1
303,pedestrian_2-1_5002_tr,hbefa3/ldv_g_eu6,0.0,152558_6_1,moped,7228.01,4467.91,152558_6,7.451358150957602,43.75954864684783,1
304,pedestrian_2-1_5023_tr,hbefa3/ldv_g_eu6,0.53,152558_6_1,moped,7208.97,4448.35,152558_6,7.451358150957602,43.75954864684783,1
305,pedestrian_2-1_5030_tr,hbefa3/ldv_g_eu6,1.37,153012_1_2,motorcycle,7626.94,4945.14,153012_1,7.469405337324932,43.75858332395062,1
306,pedestrian_2-1_5072_tr,hbefa3/ldv_g_eu6,0.53,153360_1_1,moped,7429.08,5225.04,153360_1,7.454097835102891,43.76668221961948,1
307,pedestrian_2-1_5095_tr,hbefa3/ldv_g_eu6,1.08,152558_6_1,motorcycle,7259.51,4508.01,152558_6,7.451358150957602,43.75954864684783,1
308,pedestrian_2-1_50_tr,hbefa3/ldv_g_eu6,1.08,153360_0_1,motorcycle,7504.07,5160.1,153360_0,7.455240788140039,43.765955768975736,1
309,pedestrian_2-1_5206_tr,hbefa3/ldv_g_eu6,1.08,153361_2_1,motorcycle,7319.26,4710.55,153361_2,7.452809128022205,43.76203001486708,1
310,pedestrian_2-1_5220_tr,hbefa3/ldv_g_eu6,1.08,153485_2_2,moped,7175.11,5148.8,153485_2,7.450933488930565,43.76598182367368,1
311,pedestrian_2-1_5250_tr,hbefa3/ldv_g_eu6,1.08,153359_1_1,moped,7666.69,4626.25,153359_1,7.454546566149951,43.76178134336546,1
312,pedestrian_2-1_5283_tr,hbefa3/ldv_g_eu6,1.08,153359_1_1,motorcycle,7673.19,4628.18,153359_1,7.454546566149951,43.76178134336546,1
313,pedestrian_2-1_5294_tr,hbefa3/ldv_g_eu6,0.53,153012_1_2,motorcycle,8621.49,4295.0,153012_1,7.469405337324932,43.75858332395062,1
314,pedestrian_2-1_5297_tr,hbefa3/ldv_g_eu6,0.53,152558_6_1,motorcycle,7243.35,4493.85,152558_6,7.451358150957602,43.75954864684783,1
315,pedestrian_2-1_5329_tr,hbefa3/ldv_g_eu6,0.53,152558_5_2,motorcycle,7185.91,4435.42,152558_5,7.449376164935055,43.75799383344071,1
316,pedestrian_2-1_5343_tr,hbefa3/ldv_g_eu6,0.57,153362_0_2,moped,7612.16,4993.96,153362_0,7.45642319097824,43.76458319140063,1
317,pedestrian_2-1_5370_tr,hbefa3/ldv_g_eu6,1.08,153359_0_1,moped,7303.22,4513.12,153359_0,7.452651697792274,43.76026738183603,1
318,pedestrian_2-1_5400_tr,hbefa3/ldv_g_eu6,0.53,153012_1_2,motorcycle,8621.65,4293.66,153012_1,7.469405337324932,43.75858332395062,1
319,pedestrian_2-1_5404_tr,hbefa3/ldv_g_eu6,0.0,153012_1_2,motorcycle,8523.34,4351.17,153012_1,7.469405337324932,43.75858332395062,1
320,pedestrian_2-1_5431_tr,hbefa3/ldv_g_eu6,0.53,153012_1_2,moped,7684.27,4955.04,153012_1,7.469405337324932,43.75858332395062,1
321,pedestrian_2-1_5432_tr,hbefa3/ldv_g_eu6,1.08,153359_1_1,motorcycle,7665.98,4626.03,153359_1,7.454546566149951,43.76178134336546,1
322,pedestrian_2-1_5446_tr,hbefa3/ldv_g_eu6,0.7,153359_1_1,motorcycle,7677.75,4629.54,153359_1,7.454546566149951,43.76178134336546,1
323,pedestrian_2-1_5500_tr,hbefa3/ldv_g_eu6,0.53,153354_0_1,moped,7697.49,4633.86,153354_0,7.457521732201461,43.761405479979,1
324,pedestrian_2-1_5503_tr,hbefa3/ldv_g_eu6,0.53,153485_2_2,motorcycle,7180.8,5034.93,153485_2,7.450933488930565,43.76598182367368,1
325,pedestrian_2-1_5512_tr,hbefa3/ldv_g_eu6,0.0,153485_2_1,motorcycle,7172.69,5143.5,153485_2,7.450894359233009,43.765976791342425,1
326,pedestrian_2-1_5540_tr,hbefa3/ldv_g_eu6,0.53,153012_1_2,motorcycle,8612.22,4295.6,153012_1,7.469405337324932,43.75858332395062,1
327,pedestrian_2-1_5545_tr,hbefa3/ldv_g_eu6,1.08,153485_2_2,motorcycle,7180.77,5034.83,153485_2,7.450933488930565,43.76598182367368,1
328,pedestrian_2-1_5546_tr,hbefa3/ldv_g_eu6,0.53,153012_1_2,motorcycle,8644.35,4300.47,153012_1,7.469405337324932,43.75858332395062,1
329,pedestrian_2-1_5564_tr,hbefa3/ldv_g_eu6,0.71,152558_6_1,motorcycle,7259.51,4508.01,152558_6,7.451358150957602,43.75954864684783,1
330,pedestrian_2-1_5566_tr,hbefa3/ldv_g_eu6,0.53,153360_1_1,motorcycle,7429.01,5225.11,153360_1,7.454097835102891,43.76668221961948,1
331,pedestrian_2-1_5605_tr,hbefa3/ldv_g_eu6,1.08,153360_0_1,moped,7465.1,5207.76,153360_0,7.455240788140039,43.765955768975736,1
332,pedestrian_2-1_5619_tr,hbefa3/ldv_g_eu6,1.08,152558_6_1,motorcycle,7259.51,4508.01,152558_6,7.451358150957602,43.75954864684783,1
333,pedestrian_2-1_562_tr,hbefa3/ldv_g_eu6,1.08,153485_2_2,motorcycle,7175.12,5148.7,153485_2,7.450933488930565,43.76598182367368,1
334,pedestrian_2-1_5659_tr,hbefa3/ldv_g_eu6,1.08,153485_2_1,motorcycle,7171.96,5148.23,153485_2,7.450894359233009,43.765976791342425,1
335,pedestrian_2-1_566_tr,hbefa3/ldv_g_eu6,0.53,152558_6_1,motorcycle,7247.49,4499.94,152558_6,7.451358150957602,43.75954864684783,1
336,pedestrian_2-1_5670_tr,hbefa3/ldv_g_eu6,0.53,153012_1_2,moped,8604.99,4296.85,153012_1,7.469405337324932,43.75858332395062,1
337,pedestrian_2-1_5671_tr,hbefa3/ldv_g_eu6,0.54,153012_1_1,motorcycle,8642.96,4303.36,153012_1,7.469386308987995,43.758608549677696,1
338,pedestrian_2-1_5685_tr,hbefa3/ldv_g_eu6,0.91,153012_1_2,motorcycle,8640.09,4298.24,153012_1,7.469405337324932,43.75858332395062,1
339,pedestrian_2-1_5713_tr,hbefa3/ldv_g_eu6,1.08,152558_6_1,moped,7197.12,4437.19,152558_6,7.451358150957602,43.75954864684783,1
340,pedestrian_2-1_5722_tr,hbefa3/ldv_g_eu6,1.08,153012_1_2,moped,8644.53,4300.56,153012_1,7.469405337324932,43.75858332395062,1
341,pedestrian_2-1_5765_tr,hbefa3/ldv_g_eu6,0.53,153012_1_2,moped,8621.75,4293.68,153012_1,7.469405337324932,43.75858332395062,1
342,pedestrian_2-1_5790_tr,hbefa3/ldv_g_eu6,0.53,152558_6_1,motorcycle,7253.06,4504.11,152558_6,7.451358150957602,43.75954864684783,1
343,pedestrian_2-1_5805_tr,hbefa3/ldv_g_eu6,1.08,153354_0_1,moped,7720.18,4660.89,153354_0,7.457521732201461,43.761405479979,1
344,pedestrian_2-1_5840_tr,hbefa3/ldv_g_eu6,0.53,153012_1_2,motorcycle,8640.53,4297.4,153012_1,7.469405337324932,43.75858332395062,1
345,pedestrian_2-1_584_tr,hbefa3/ldv_g_eu6,1.08,153359_1_1,motorcycle,7457.56,4685.92,153359_1,7.454546566149951,43.76178134336546,1
346,pedestrian_2-1_5897_tr,hbefa3/ldv_g_eu6,0.53,153012_1_2,motorcycle,8644.35,4300.47,153012_1,7.469405337324932,43.75858332395062,1
347,pedestrian_2-1_589_tr,hbefa3/ldv_g_eu6,0.7,153012_1_2,moped,8396.62,4522.86,153012_1,7.469405337324932,43.75858332395062,1
348,pedestrian_2-1_5949_tr,hbefa3/ldv_g_eu6,1.08,153485_2_1,motorcycle,7183.68,5033.49,153485_2,7.450894359233009,43.765976791342425,1
349,pedestrian_2-1_5959_tr,hbefa3/ldv_g_eu6,0.53,153012_1_2,motorcycle,8643.72,4301.67,153012_1,7.469405337324932,43.75858332395062,1
350,pedestrian_2-1_5965_tr,hbefa3/ldv_g_eu6,0.53,153359_1_1,motorcycle,7677.66,4629.51,153359_1,7.454546566149951,43.76178134336546,1
351,pedestrian_2-1_5973_tr,hbefa3/ldv_g_eu6,0.53,152558_6_1,moped,7248.9,4499.76,152558_6,7.451358150957602,43.75954864684783,1
352,pedestrian_2-1_5982_tr,hbefa3/ldv_g_eu6,1.08,153362_0_1,moped,7533.01,5130.37,153362_0,7.456461646080743,43.764590283585065,1
353,pedestrian_2-1_6003_tr,hbefa3/ldv_g_eu6,0.66,152558_5_1,motorcycle,7116.84,4371.15,152558_5,7.4494068217116,43.75797561169512,1
354,pedestrian_2-1_6023_tr,hbefa3/ldv_g_eu6,1.08,153359_1_1,moped,7457.55,4685.82,153359_1,7.454546566149951,43.76178134336546,1
355,pedestrian_2-1_6047_tr,hbefa3/ldv_g_eu6,0.78,153359_1_1,moped,7507.92,4676.5,153359_1,7.454546566149951,43.76178134336546,1
356,pedestrian_2-1_6104_tr,hbefa3/ldv_g_eu6,0.53,152558_6_1,motorcycle,7205.57,4445.15,152558_6,7.451358150957602,43.75954864684783,1
357,pedestrian_2-1_6105_tr,hbefa3/ldv_g_eu6,0.53,153012_1_2,motorcycle,8644.35,4300.47,153012_1,7.469405337324932,43.75858332395062,1
358,pedestrian_2-1_6125_tr,hbefa3/ldv_g_eu6,0.53,153012_1_2,motorcycle,8631.05,4295.07,153012_1,7.469405337324932,43.75858332395062,1
359,pedestrian_2-1_6149_tr,hbefa3/ldv_g_eu6,1.08,152556_1,motorcycle,6999.02,4425.21,152556,7.448902050913091,43.75956422429488,1
360,pedestrian_2-1_6162_tr,hbefa3/ldv_g_eu6,0.53,152558_5_2,moped,7034.24,4267.73,152558_5,7.449376164935055,43.75799383344071,1
361,pedestrian_2-1_6185_tr,hbefa3/ldv_g_eu6,0.7,152558_6_1,motorcycle,7259.51,4508.01,152558_6,7.451358150957602,43.75954864684783,1
362,pedestrian_2-1_6228_tr,hbefa3/ldv_g_eu6,0.53,153012_1_2,motorcycle,8637.84,4297.35,153012_1,7.469405337324932,43.75858332395062,1
363,pedestrian_2-1_6232_tr,hbefa3/ldv_g_eu6,0.53,153012_1_2,motorcycle,8635.69,4296.35,153012_1,7.469405337324932,43.75858332395062,1
364,pedestrian_2-1_6236_tr,hbefa3/ldv_g_eu6,1.08,153485_2_2,moped,7175.11,5148.8,153485_2,7.450933488930565,43.76598182367368,1
365,pedestrian_2-1_6246_tr,hbefa3/ldv_g_eu6,1.08,153361_2_1,motorcycle,7319.26,4710.55,153361_2,7.452809128022205,43.76203001486708,1
366,pedestrian_2-1_627_tr,hbefa3/ldv_g_eu6,0.0,152558_5_1,motorcycle,7156.27,4411.37,152558_5,7.4494068217116,43.75797561169512,1
367,pedestrian_2-1_6281_tr,hbefa3/ldv_g_eu6,1.08,153485_2_2,moped,7180.74,5034.74,153485_2,7.450933488930565,43.76598182367368,1
368,pedestrian_2-1_638_tr,hbefa3/ldv_g_eu6,0.0,153359_1_1,motorcycle,7513.5,4660.21,153359_1,7.454546566149951,43.76178134336546,1
369,pedestrian_2-1_656_tr,hbefa3/ldv_g_eu6,0.6,152558_5_1,motorcycle,7176.11,4429.0,152558_5,7.4494068217116,43.75797561169512,1
370,pedestrian_2-1_663_tr,hbefa3/ldv_g_eu6,0.53,153012_1_2,moped,8621.86,4292.79,153012_1,7.469405337324932,43.75858332395062,1
371,pedestrian_2-1_691_tr,hbefa3/ldv_g_eu6,0.7,153012_1_2,motorcycle,8644.44,4300.52,153012_1,7.469405337324932,43.75858332395062,1
372,pedestrian_2-1_699_tr,hbefa3/ldv_g_eu6,1.08,152558_6_1,motorcycle,7216.26,4455.22,152558_6,7.451358150957602,43.75954864684783,1
373,pedestrian_2-1_706_tr,hbefa3/ldv_g_eu6,1.08,153485_2_2,motorcycle,7176.31,5141.08,153485_2,7.450933488930565,43.76598182367368,1
374,pedestrian_2-1_723_tr,hbefa3/ldv_g_eu6,0.0,153012_1_2,moped,8351.54,4588.07,153012_1,7.469405337324932,43.75858332395062,1
375,pedestrian_2-1_725_tr,hbefa3/ldv_g_eu6,0.53,153361_0_1,motorcycle,7147.61,4525.46,153361_0,7.448928580287903,43.75883077939768,1
376,pedestrian_2-1_754_tr,hbefa3/ldv_g_eu6,0.0,152558_6_1,moped,7246.05,4498.5,152558_6,7.451358150957602,43.75954864684783,1
377,pedestrian_2-1_768_tr,hbefa3/ldv_g_eu6,0.55,153012_1_2,moped,8644.53,4300.56,153012_1,7.469405337324932,43.75858332395062,1
378,pedestrian_2-1_76_tr,hbefa3/ldv_g_eu6,1.08,153485_2_2,moped,7175.11,5148.8,153485_2,7.450933488930565,43.76598182367368,1
379,pedestrian_2-1_808_tr,hbefa3/ldv_g_eu6,0.55,152558_6_1,motorcycle,7246.6,4497.31,152558_6,7.451358150957602,43.75954864684783,1
380,pedestrian_2-1_817_tr,hbefa3/ldv_g_eu6,0.53,153012_1_2,motorcycle,8639.46,4299.44,153012_1,7.469405337324932,43.75858332395062,1
381,pedestrian_2-1_870_tr,hbefa3/ldv_g_eu6,1.08,153359_1_1,motorcycle,7457.1,4681.13,153359_1,7.454546566149951,43.76178134336546,1
382,pedestrian_2-1_911_tr,hbefa3/ldv_g_eu6,1.08,153485_2_1,motorcycle,7183.68,5033.49,153485_2,7.450894359233009,43.765976791342425,1
383,pedestrian_2-1_948_tr,hbefa3/ldv_g_eu6,1.08,153359_1_1,motorcycle,7677.75,4629.54,153359_1,7.454546566149951,43.76178134336546,1
384,pedestrian_2-1_951_tr,hbefa3/ldv_g_eu6,1.08,153359_0_1,moped,7338.52,4514.38,153359_0,7.452651697792274,43.76026738183603,1
385,pedestrian_2-1_96_tr,hbefa3/ldv_g_eu6,0.53,152558_5_1,motorcycle,7183.54,4437.92,152558_5,7.4494068217116,43.75797561169512,1
386,pedestrian_2-1_987_tr,hbefa3/ldv_g_eu6,0.7,152558_6_1,motorcycle,7259.51,4508.01,152558_6,7.451358150957602,43.75954864684783,1
387,pedestrian_gw1-1_1586_tr,hbefa3/pc_g_eu4,1.0,153485_2_2,passenger2b,7175.56,5145.89,153485_2,7.450933488930565,43.76598182367368,1
388,pedestrian_gw1-1_2612_tr,hbefa3/pc_g_eu4,1.0,153485_4_1,passenger4,6616.8,4248.39,153485_4,7.449224386192401,43.76282552194194,1
389,pedestrian_gw1-1_3543_tr,hbefa3/pc_g_eu4,1.0,153485_2_2,passenger2a,7175.56,5145.89,153485_2,7.450933488930565,43.76598182367368,1
390,pedestrian_gw1-1_3949_tr,hbefa3/pc_g_eu4,1.0,153485_2_2,passenger4,7184.06,5044.31,153485_2,7.450933488930565,43.76598182367368,1
391,pedestrian_gw1-1_3961_tr,hbefa3/pc_g_eu4,1.0,153485_4_1,passenger1,6616.8,4248.39,153485_4,7.449224386192401,43.76282552194194,1
392,pedestrian_gw2-1_1018_tr,hbefa3/pc_g_eu4,1.0,153012_1_2,passenger2b,8641.95,4299.22,153012_1,7.469405337324932,43.75858332395062,1
393,pedestrian_gw2-1_1037_tr,hbefa3/pc_g_eu4,1.06,153012_1_2,passenger2b,8250.34,4686.24,153012_1,7.469405337324932,43.75858332395062,1
394,pedestrian_gw2-1_1235_tr,hbefa3/pc_g_eu4,0.9,152558_6_1,passenger2a,7206.16,4445.71,152558_6,7.451358150957602,43.75954864684783,1
395,pedestrian_gw2-1_1280_tr,hbefa3/pc_g_eu4,1.12,153359_0_1,passenger2a,7357.03,4530.45,153359_0,7.452651697792274,43.76026738183603,1
396,pedestrian_gw2-1_1319_tr,hbefa3/pc_g_eu4,1.0,153362_0_2,passenger3,7606.13,5010.08,153362_0,7.45642319097824,43.76458319140063,1
397,pedestrian_gw2-1_1325_tr,hbefa3/pc_g_eu4,1.0,152337_1,passenger3,7755.79,4652.64,152337,7.4580748610487,43.76165469556375,1
398,pedestrian_gw2-1_1346_tr,hbefa3/pc_g_eu4,1.0,152473_1,passenger1,7157.42,5202.17,152473,7.450722404282039,43.7664006067216,1
399,pedestrian_gw2-1_1410_tr,hbefa3/pc_g_eu4,1.0,153359_1_1,passenger2b,7675.09,4628.75,153359_1,7.454546566149951,43.76178134336546,1
400,pedestrian_gw2-1_168_tr,hbefa3/pc_g_eu4,0.0,153359_0_1,passenger2b,7391.84,4575.33,153359_0,7.452651697792274,43.76026738183603,1
401,pedestrian_gw2-1_174_tr,hbefa3/pc_g_eu4,1.0,152558_6_1,passenger3,7249.78,4500.7,152558_6,7.451358150957602,43.75954864684783,1
402,pedestrian_gw2-1_1910_tr,hbefa3/pc_g_eu4,1.0,153485_4_1,passenger2a,6616.8,4248.39,153485_4,7.449224386192401,43.76282552194194,1
403,pedestrian_gw2-1_193_tr,hbefa3/pc_g_eu4,1.0,153485_2_2,passenger4,7175.56,5145.89,153485_2,7.450933488930565,43.76598182367368,1
404,pedestrian_gw2-1_1946_tr,hbefa3/pc_g_eu4,1.0,152558_6_1,passenger2a,7257.13,4506.57,152558_6,7.451358150957602,43.75954864684783,1
405,pedestrian_gw2-1_2008_tr,hbefa3/pc_g_eu4,1.19,153012_1_2,passenger1,8021.1,4878.39,153012_1,7.469405337324932,43.75858332395062,1
406,pedestrian_gw2-1_2106_tr,hbefa3/pc_g_eu4,1.13,153012_1_2,passenger4,8632.66,4296.76,153012_1,7.469405337324932,43.75858332395062,1
407,pedestrian_gw2-1_2326_tr,hbefa3/pc_g_eu4,1.0,153362_0_2,passenger4,7609.83,5001.13,153362_0,7.45642319097824,43.76458319140063,1
408,pedestrian_gw2-1_235_tr,hbefa3/pc_g_eu4,1.13,153012_1_2,passenger2b,8637.6,4296.94,153012_1,7.469405337324932,43.75858332395062,1
409,pedestrian_gw2-1_2520_tr,hbefa3/pc_g_eu4,1.13,153012_1_1,passenger2a,8622.1,4296.94,153012_1,7.469386308987995,43.758608549677696,1
410,pedestrian_gw2-1_2551_tr,hbefa3/pc_g_eu4,1.13,153359_0_1,passenger2b,7310.84,4512.97,153359_0,7.452651697792274,43.76026738183603,1
411,pedestrian_gw2-1_2606_tr,hbefa3/pc_g_eu4,1.0,153485_2_1,passenger1,7184.58,5036.08,153485_2,7.450894359233009,43.765976791342425,1
412,pedestrian_gw2-1_2620_tr,hbefa3/pc_g_eu4,1.0,153359_1_1,passenger2b,7666.07,4626.06,153359_1,7.454546566149951,43.76178134336546,1
413,pedestrian_gw2-1_2683_tr,hbefa3/pc_g_eu4,1.13,153012_1_1,passenger1,8593.9,4305.06,153012_1,7.469386308987995,43.758608549677696,1
414,pedestrian_gw2-1_3029_tr,hbefa3/pc_g_eu4,1.0,153362_0_2,passenger2b,7612.61,4992.13,153362_0,7.45642319097824,43.76458319140063,1
415,pedestrian_gw2-1_3122_tr,hbefa3/pc_g_eu4,1.11,153012_1_2,passenger1,7621.1,4959.04,153012_1,7.469405337324932,43.75858332395062,1
416,pedestrian_gw2-1_356_tr,hbefa3/pc_g_eu4,1.13,153012_1_2,passenger1,8614.09,4294.24,153012_1,7.469405337324932,43.75858332395062,1
417,pedestrian_gw2-1_46_tr,hbefa3/pc_g_eu4,1.0,152558_6_2,passenger3,7258.29,4503.54,152558_6,7.451330416269894,43.75956915965043,1
418,pedestrian_gw2-1_494_tr,hbefa3/pc_g_eu4,1.13,152558_5_1,passenger4,7171.33,4426.08,152558_5,7.4494068217116,43.75797561169512,1
419,pedestrian_gw2-1_498_tr,hbefa3/pc_g_eu4,1.0,153012_1_2,passenger2a,8641.95,4299.22,153012_1,7.469405337324932,43.75858332395062,1
420,pedestrian_gw2-1_501_tr,hbefa3/pc_g_eu4,0.0,152558_5_1,passenger1,7140.06,4394.52,152558_5,7.4494068217116,43.75797561169512,1
421,pedestrian_gw2-1_544_tr,hbefa3/pc_g_eu4,1.0,153012_1_2,passenger1,8641.95,4299.22,153012_1,7.469405337324932,43.75858332395062,1
422,pedestrian_gw2-1_553_tr,hbefa3/pc_g_eu4,1.0,153362_0_2,passenger1,7537.19,5129.23,153362_0,7.45642319097824,43.76458319140063,1
423,pedestrian_gw2-1_555_tr,hbefa3/pc_g_eu4,1.0,153362_0_2,passenger1,7612.61,4992.13,153362_0,7.45642319097824,43.76458319140063,1
424,pedestrian_gw2-1_6_tr,hbefa3/pc_g_eu4,1.0,153012_1_2,passenger4,8625.53,4294.14,153012_1,7.469405337324932,43.75858332395062,1
425,pedestrian_gw2-1_955_tr,hbefa3/pc_g_eu4,0.0,153012_1_2,passenger2b,8641.39,4300.28,153012_1,7.469405337324932,43.75858332395062,1
426,pedestrian_gw2-1_973_tr,hbefa3/pc_g_eu4,1.01,153362_0_2,passenger2b,7573.1,5081.79,153362_0,7.45642319097824,43.76458319140063,1
427,pedestrian_gw2-1_978_tr,hbefa3/pc_g_eu4,1.0,152473_1,passenger1,7157.42,5202.17,152473,7.450722404282039,43.7664006067216,1
428,special_2-1_159,hbefa3/pc_g_eu4,1.13,152558_6_2,authority,7258.21,4503.48,152558_6,7.451330416269894,43.75956915965043,1
429,special_2-1_165,hbefa3/ldv,0.94,152558_6_1,emergency,7210.73,4450.01,152558_6,7.451358150957602,43.75954864684783,1
430,special_2-1_186,hbefa3/pc_g_eu4,1.13,153012_1_2,authority,8618.7,4293.25,153012_1,7.469405337324932,43.75858332395062,1
431,special_2-1_215,hbefa3/pc_g_eu4,1.0,153012_1_2,authority,8641.95,4299.22,153012_1,7.469405337324932,43.75858332395062,1
432,special_2-1_260,hbefa3/ldv,1.39,152558_6_1,emergency,7229.17,4467.34,152558_6,7.451358150957602,43.75954864684783,1
433,special_2-1_266,hbefa3/pc_g_eu4,0.0,153485_2_2,authority,7176.05,5145.97,153485_2,7.450933488930565,43.76598182367368,1
434,special_2-1_3,hbefa3/ldv,0.91,153359_1_1,emergency,7516.31,4645.34,153359_1,7.454546566149951,43.76178134336546,1
435,special_2-1_75,hbefa3/ldv,1.12,153362_0_2,emergency,7612.25,4993.57,153362_0,7.45642319097824,43.76458319140063,1
